Codes;Names;2005;2006;2007;2008;2009;2010;2011;2012;2013;2014;2015
F0643100001;Abtsteinach;;;;12.0;12.0;12.1;12.1;12.1;12.1;12.1;12.1
F0643100002;Bensheim;;;;25.3;25.3;25.5;25.5;25.5;25.7;25.8;26.1
F0643100003;Biblis;;;;16.4;17.8;17.8;17.8;17.6;17.9;17.9;17.9
F0643100004;Birkenau;;;;15.4;15.5;15.5;15.5;15.5;15.5;16.2;16.6
F0643100005;Bürstadt;;;;19.4;19.4;19.5;19.5;19.5;19.6;19.7;19.7
F0643100006;Einhausen;;;;10.0;10.1;10.1;10.1;10.2;10.2;10.2;10.3
F0643100007;Fürth;;;;13.3;13.3;13.5;13.5;13.5;13.5;13.5;13.5
F0643100008;Gorxheimertal;;;;13.9;13.9;13.9;13.9;13.9;13.9;14.0;14.0
F0643100009;Grasellenbach;;;;10.4;10.4;10.5;10.5;10.5;10.5;10.5;10.6
F0643100010;Groß-Rohrheim;;;;12.2;12.2;12.4;12.4;12.5;12.6;12.6;12.7
F0643100011;Heppenheim (Bergstraße);;;;18.8;18.8;18.9;18.9;18.9;19.0;19.0;19.2
F0643100012;Hirschhorn (Neckar);;;;6.5;6.5;6.5;6.5;6.5;6.6;6.7;7.0
F0643100013;Lampertheim;;;;19.0;19.1;19.1;19.2;19.2;19.3;19.4;19.4
F0643100014;Lautertal (Odenwald);;;;12.4;12.4;12.5;12.5;12.5;12.5;12.5;12.5
F0643100015;Lindenfels;;;;13.7;13.8;13.8;13.8;13.8;13.8;13.8;13.8
F0643100016;Lorsch;;;;23.6;23.7;23.7;23.8;24.0;24.0;24.2;24.2
F0643100017;Mörlenbach;;;;17.1;17.1;17.2;17.2;17.4;17.4;17.4;17.5
F0643100018;Neckarsteinach;;;;11.9;11.9;11.9;11.9;12.3;12.3;12.4;12.4
F0643100019;Rimbach;;;;15.0;15.1;15.2;15.3;15.4;15.5;15.5;15.6
F0643100020;Viernheim;;;;20.6;20.7;20.8;20.8;20.8;20.8;20.9;20.9
F0643100021;Wald-Michelbach;;;;8.5;8.5;8.5;8.5;8.5;8.6;8.6;8.6
F0643100022;Zwingenberg;;;;38.2;38.2;38.5;38.5;38.5;38.5;39.2;39.2
F0643100200;Michelbuch;;;;0.0;0.0;0.0;0.0;0.0;0.0;0.0;0.0
F0731100000;Frankenthal (Pfalz);34.9;35.0;35.2;35.4;35.4;35.4;35.6;36.1;36.4;36.4;36.5
F0731300000;Landau in der Pfalz;23.6;23.7;23.7;23.8;23.9;23.7;23.7;23.8;23.8;23.7;23.7
F0731400000;Ludwigshafen am Rhein;59.6;59.6;60.7;60.6;60.6;61.1;61.1;61.1;61.1;61.2;61.2
F0731600000;Neustadt an der Weinstraße;19.6;19.7;19.8;20.0;19.6;19.4;19.5;19.5;19.5;19.6;19.6
F0731800000;Speyer;43.9;44.0;44.1;44.4;44.4;43.8;43.9;44.4;44.4;44.5;44.7
F0731900000;Worms;29.2;29.3;29.4;29.4;29.6;29.8;29.7;29.6;29.7;29.9;29.9
F0733200002;Bad Dürkheim;9.1;9.2;9.3;9.4;9.4;9.5;9.5;9.5;9.5;9.7;9.4
F0733200024;Grünstadt;31.4;31.4;32.0;32.5;32.4;32.6;32.5;33.0;32.9;33.1;31.4
F0733200025;Haßloch;22.6;22.7;22.8;22.9;23.1;23.1;23.1;23.3;23.4;23.4;23.4
F0733201009;Deidesheim;7.4;7.4;7.5;7.5;7.5;7.5;7.5;7.5;7.6;7.6;7.5
F0733201017;Forst an der Weinstraße;17.4;18.0;19.1;19.2;19.2;19.2;19.2;19.2;17.3;17.4;17.4
F0733201035;Meckenheim;11.9;11.9;11.8;11.9;12.0;12.0;12.0;12.2;12.2;12.2;12.2
F0733201039;Niederkirchen bei Deidesheim;21.9;21.9;22.0;22.0;22.2;23.0;23.0;23.0;22.8;23.0;23.8
F0733201043;Ruppertsberg;10.1;10.5;10.7;10.7;10.9;11.0;11.0;11.0;11.0;11.1;11.0
F0733202005;Bobenheim am Berg;8.4;8.4;8.5;8.5;8.5;8.7;8.7;8.7;8.7;8.7;8.5
F0733202008;Dackenheim;21.3;31.6;31.5;31.6;31.6;31.6;31.6;31.6;31.6;31.6;31.4
F0733202015;Erpolzheim;17.7;17.7;17.8;17.8;18.6;18.6;18.6;18.6;18.6;18.6;18.6
F0733202019;Freinsheim;16.1;16.1;16.0;16.3;16.3;16.3;16.3;16.3;16.3;16.3;16.5
F0733202026;Herxheim am Berg;10.3;10.3;10.3;10.3;10.3;10.8;11.0;11.0;11.0;11.1;10.9
F0733202028;Kallstadt;12.3;12.3;12.6;12.6;12.6;12.8;12.8;12.8;12.8;12.7;12.7
F0733202049;Weisenheim am Berg;10.9;11.0;11.0;11.1;11.1;11.2;11.2;11.2;11.3;11.3;11.0
F0733202050;Weisenheim am Sand;14.7;14.8;14.8;14.8;14.8;14.8;14.8;14.8;14.9;14.8;14.7
F0733203003;Battenberg (Pfalz);6.5;6.6;6.6;6.6;6.6;6.6;6.6;6.6;6.6;6.7;6.7
F0733203004;Bissersheim;13.0;13.1;13.1;13.2;12.8;12.8;12.8;12.8;12.8;13.0;13.0
F0733203006;Bockenheim an der Weinstraße;16.8;16.8;16.8;16.9;17.7;18.3;18.3;18.3;18.3;18.3;19.5
F0733203010;Dirmstein;11.6;11.6;11.7;11.6;12.3;12.3;12.3;12.3;12.3;12.5;12.9
F0733203012;Ebertsheim;17.6;17.6;17.6;17.6;17.6;17.6;17.0;17.0;17.0;17.1;17.1
F0733203021;Gerolsheim;22.3;22.3;22.3;22.2;22.2;22.2;22.5;22.5;22.7;22.5;20.3
F0733203023;Großkarlbach;15.0;15.0;15.0;15.0;15.0;15.4;15.4;15.4;15.4;15.4;15.4
F0733203029;Kindenheim;10.0;10.0;10.0;10.0;9.8;9.9;9.9;9.9;10.0;9.9;10.1
F0733203030;Kirchheim an der Weinstraße;16.3;16.4;16.8;16.9;16.9;16.9;16.9;17.3;17.3;17.2;17.4
F0733203031;Kleinkarlbach;17.8;18.0;18.0;18.1;18.6;18.5;18.1;18.1;18.5;18.4;18.4
F0733203033;Laumersheim;18.2;18.2;18.3;18.3;18.3;18.9;18.9;19.1;19.3;19.3;16.8
F0733203036;Mertesheim;12.9;12.9;12.9;12.7;13.2;13.2;13.2;13.2;12.7;12.7;12.7
F0733203038;Neuleiningen;11.0;11.1;11.1;11.1;11.1;11.1;11.1;11.1;11.1;10.3;10.2
F0733203040;Obersülzen;12.9;12.9;13.0;13.6;14.2;14.2;14.2;14.2;14.2;14.1;13.6
F0733203041;Obrigheim (Pfalz);20.0;20.0;20.0;20.2;20.4;20.6;20.6;20.6;20.6;20.6;20.5
F0733203042;Quirnheim;15.2;15.1;15.2;15.3;15.3;15.3;15.3;15.5;15.3;15.2;15.3
F0733204001;Altleiningen;10.8;10.8;10.8;10.8;10.8;10.8;10.8;10.8;10.8;10.9;10.7
F0733204007;Carlsberg;26.2;26.3;26.4;26.3;26.5;26.7;26.7;26.7;26.7;26.8;27.4
F0733204027;Hettenleidelheim;29.8;29.8;29.9;30.4;30.4;30.4;30.4;28.4;28.4;28.4;28.5
F0733204044;Tiefenthal;12.5;12.5;12.5;12.6;12.4;12.4;12.4;12.4;13.1;13.1;13.7
F0733204047;Wattenheim;14.4;14.4;14.4;14.4;14.4;14.5;14.5;14.5;14.5;14.6;14.5
F0733205014;Elmstein;3.2;2.8;2.8;2.8;2.8;2.8;2.8;2.8;2.8;2.8;2.8
F0733205016;Esthal;5.8;5.8;5.8;5.8;5.8;5.8;5.8;5.8;5.9;5.9;5.9
F0733205018;Frankeneck;7.2;7.2;7.2;7.4;7.4;7.1;7.1;7.1;7.1;7.1;7.1
F0733205032;Lambrecht (Pfalz);18.2;18.2;18.2;17.9;17.9;17.9;17.9;17.9;18.1;18.0;18.0
F0733205034;Lindenberg;14.0;14.0;14.1;13.7;14.0;14.0;14.0;14.0;14.0;14.0;14.0
F0733205037;Neidenfels;7.7;7.7;7.8;7.8;7.8;7.7;7.7;7.7;7.7;7.8;7.8
F0733205048;Weidenthal;7.6;7.6;7.6;7.7;7.7;7.7;7.7;7.7;7.7;7.7;7.7
F0733206013;Ellerstadt;18.3;18.5;18.6;18.9;19.7;19.7;19.7;19.7;19.9;19.8;19.9
F0733206020;Friedelsheim;18.4;18.4;18.8;19.0;19.2;19.2;19.2;19.2;19.0;19.1;19.1
F0733206022;Gönnheim;12.0;12.0;12.1;12.1;12.1;12.1;12.1;12.2;12.2;12.3;12.3
F0733206046;Wachenheim an der Weinstraße;15.0;15.0;15.0;15.2;15.1;15.4;15.4;15.4;15.4;15.4;15.4
F0733400007;Germersheim;42.0;42.1;42.4;42.5;42.7;42.8;42.8;43.0;43.2;43.3;43.5
F0733400501;Wörth am Rhein;9.3;9.3;9.4;9.5;9.8;10.1;10.1;10.2;10.3;10.3;10.2
F0733401001;Bellheim;20.6;20.6;20.6;20.5;20.6;20.6;20.8;20.9;20.9;20.9;20.9
F0733401014;Knittelsheim;9.9;10.0;10.1;10.4;10.4;10.4;10.5;10.5;10.5;10.8;10.8
F0733401023;Ottersheim bei Landau;12.4;12.4;12.4;12.7;12.8;12.8;13.4;13.4;13.4;13.5;13.5
F0733401036;Zeiskam;14.9;14.9;15.0;15.0;15.4;15.4;15.9;16.0;16.3;16.2;16.8
F0733402002;Berg (Pfalz);17.9;18.6;18.6;18.6;18.6;18.6;18.9;18.9;18.8;18.6;18.7
F0733402008;Hagenbach;14.3;14.3;14.4;14.6;14.6;14.6;14.6;14.6;14.6;16.1;16.1
F0733402021;Neuburg am Rhein;14.0;14.0;14.0;14.1;14.1;14.1;14.1;14.1;14.1;15.0;15.0
F0733402027;Scheibenhardt;16.8;16.8;16.8;16.7;17.0;17.0;17.0;17.0;17.0;16.8;16.8
F0733403009;Hatzenbühl;17.1;17.5;17.6;18.0;18.0;18.0;18.7;18.7;18.7;18.4;18.5
F0733403012;Jockgrim;22.3;22.3;22.3;22.3;22.8;22.8;23.0;23.0;23.0;23.6;23.6
F0733403022;Neupotz;12.0;12.0;12.1;12.2;12.2;12.2;12.3;12.3;12.3;12.4;12.4
F0733403024;Rheinzabern;20.9;20.9;20.9;21.0;21.2;21.2;21.3;21.4;21.3;21.3;21.3
F0733404004;Erlenbach bei Kandel;14.0;14.0;14.3;14.3;14.8;14.8;14.8;14.8;14.8;14.8;14.8
F0733404005;Freckenfeld;11.6;11.6;11.6;11.9;11.9;11.9;11.9;11.9;11.9;11.9;11.9
F0733404013;Kandel;15.3;16.0;16.1;16.7;16.7;17.1;17.1;17.1;17.0;17.1;17.1
F0733404020;Minfeld;13.1;13.1;13.1;13.1;13.2;13.7;13.7;13.7;13.7;13.7;13.7
F0733404030;Steinweiler;10.5;10.8;10.8;10.9;10.9;11.1;11.1;11.1;11.1;11.1;11.1
F0733404031;Vollmersweiler;10.2;10.2;10.2;10.1;10.6;10.6;10.6;10.6;10.6;10.5;10.5
F0733404034;Winden;21.3;21.3;21.7;22.1;22.1;22.1;22.1;22.1;22.1;22.1;22.1
F0733405006;Freisbach;12.8;12.3;12.5;12.4;12.4;12.4;12.7;12.9;12.9;12.9;13.6
F0733405017;Lingenfeld;29.9;30.0;29.2;29.2;29.2;29.1;29.0;29.1;29.6;29.5;29.4
F0733405018;Lustadt;10.9;10.9;10.8;10.8;10.8;10.8;10.9;10.9;10.9;10.9;11.0
F0733405028;Schwegenheim;15.3;15.3;15.8;16.2;16.5;16.5;16.6;16.6;16.7;16.7;16.7
F0733405032;Weingarten (Pfalz);14.1;14.1;14.3;15.6;16.2;16.2;16.2;16.5;16.5;16.5;16.8
F0733405033;Westheim (Pfalz);16.0;16.2;16.3;16.3;16.3;16.4;16.6;16.7;16.6;16.6;16.2
F0733406011;Hördt;8.0;8.0;8.0;8.1;8.1;8.1;8.2;8.3;8.3;8.3;8.3
F0733406015;Kuhardt;22.1;22.1;22.5;22.5;22.5;22.5;22.5;22.5;22.5;22.5;22.5
F0733406016;Leimersheim;9.8;9.9;10.0;10.3;10.3;10.5;10.5;10.6;10.6;10.8;10.8
F0733406025;Rülzheim;20.5;20.5;20.5;20.5;20.5;20.7;20.7;20.7;21.3;21.6;21.6
F0733701001;Albersweiler;10.8;10.8;10.9;10.9;10.9;11.0;11.0;11.1;11.1;11.0;11.2
F0733701017;Dernbach;8.9;8.9;8.9;8.8;8.8;8.8;9.1;9.1;9.1;9.0;9.1
F0733701024;Eußerthal;5.7;5.7;5.7;5.7;5.7;5.8;5.8;5.8;5.8;5.7;5.7
F0733701033;Gossersweiler-Stein;11.7;11.7;12.0;12.0;12.1;12.2;12.0;11.9;11.9;11.9;11.9
F0733701054;Münchweiler am Klingbach;10.6;10.6;10.6;10.7;10.7;10.7;10.7;10.7;10.7;10.6;10.6
F0733701064;Ramberg;9.8;9.8;9.9;9.9;9.9;9.9;10.1;10.1;10.1;10.1;9.9
F0733701067;Rinnthal;5.2;5.2;5.5;5.3;5.3;5.3;5.3;5.3;5.3;5.2;5.2
F0733701074;Silz;12.1;12.1;12.1;12.2;12.2;12.2;12.2;12.2;12.2;12.2;12.2
F0733701078;Völkersweiler;9.1;9.1;9.2;9.3;9.5;9.5;9.5;9.5;9.5;10.3;10.6
F0733701080;Waldhambach;9.5;9.5;9.6;9.7;9.7;9.7;9.9;9.9;9.9;9.8;9.8
F0733701081;Waldrohrbach;6.7;6.8;6.8;7.1;7.1;7.1;7.3;7.3;7.3;7.2;7.2
F0733701083;Wernersberg;8.5;8.5;8.6;8.7;8.7;8.7;8.7;9.0;9.0;8.8;8.8
F0733701501;Annweiler am Trifels;11.2;11.2;11.9;11.9;12.0;12.0;12.1;12.2;12.2;12.1;12.3
F0733702005;Bad Bergzabern;26.9;26.9;27.3;27.3;27.4;27.4;27.5;28.0;28.0;28.0;28.0
F0733702006;Barbelroth;13.7;13.7;14.5;14.6;14.3;14.3;14.1;14.1;14.3;14.3;14.3
F0733702008;Birkenhördt;6.9;6.8;6.8;6.8;6.8;6.8;6.8;6.8;6.8;6.8;6.8
F0733702013;Böllenborn;5.7;5.9;5.9;5.8;5.8;5.8;6.1;6.1;6.1;6.1;6.1
F0733702018;Dierbach;10.2;10.3;10.3;10.6;10.6;10.9;10.9;10.8;10.9;11.0;11.1
F0733702019;Dörrenbach;8.9;8.9;8.9;8.9;8.9;8.9;9.0;9.0;9.1;9.0;9.0
F0733702029;Gleiszellen-Gleishorbach;11.7;11.7;11.7;11.8;12.0;12.2;12.4;12.4;12.4;12.4;12.4
F0733702037;Hergersweiler;13.6;13.6;13.8;13.9;13.3;13.3;13.3;13.3;13.3;13.4;13.4
F0733702045;Kapellen-Drusweiler;16.4;16.5;16.5;16.6;16.6;16.6;16.6;16.6;16.6;16.6;16.6
F0733702046;Kapsweyer;9.7;9.7;9.7;9.7;9.7;9.7;9.7;9.7;9.7;9.7;9.8
F0733702049;Klingenmünster;13.1;13.1;13.1;13.2;13.2;13.2;13.2;13.2;13.2;13.2;13.1
F0733702055;Niederhorbach;13.3;13.3;13.5;13.4;13.4;13.4;13.7;13.7;13.4;13.5;13.5
F0733702056;Niederotterbach;9.9;9.9;9.9;10.1;10.1;10.1;10.1;10.1;10.1;10.1;10.1
F0733702058;Oberhausen;11.4;11.4;11.4;11.6;11.6;11.8;11.8;11.8;11.8;11.8;11.8
F0733702059;Oberotterbach;7.1;7.1;7.1;7.2;7.2;7.3;7.2;7.3;7.2;7.2;7.2
F0733702060;Oberschlettenbach;6.9;6.9;6.9;7.0;7.0;7.0;7.0;7.0;7.0;6.9;6.9
F0733702062;Pleisweiler-Oberhofen;16.9;16.9;16.9;16.8;17.0;17.0;17.0;17.0;17.0;17.1;17.1
F0733702071;Schweigen-Rechtenbach;7.0;7.0;7.2;7.2;7.2;7.2;7.2;7.2;7.4;7.4;7.4
F0733702072;Schweighofen;9.5;9.5;9.7;9.8;9.8;9.8;9.8;9.8;9.8;9.8;9.8
F0733702076;Steinfeld;9.8;9.8;9.8;9.8;9.8;9.8;9.8;9.8;9.8;9.9;9.9
F0733702079;Vorderweidenthal;7.0;7.0;7.0;7.0;7.0;7.0;7.0;7.0;7.0;7.1;7.1
F0733703002;Altdorf;9.6;9.7;9.8;9.7;10.1;10.1;10.2;10.2;10.2;10.2;10.6
F0733703011;Böbingen;8.3;8.4;8.6;9.0;9.1;9.1;9.1;9.1;9.1;9.2;9.5
F0733703015;Burrweiler;10.1;10.1;10.1;10.2;10.2;10.3;10.3;10.3;10.3;10.3;10.1
F0733703020;Edenkoben;14.6;14.8;15.0;15.4;15.4;15.4;15.4;15.4;15.5;15.5;15.5
F0733703021;Edesheim;10.4;10.5;11.1;11.4;11.4;11.3;11.3;11.4;11.4;11.5;11.5
F0733703025;Flemlingen;8.5;8.4;8.4;8.5;8.8;8.8;9.0;9.0;9.0;9.2;9.2
F0733703027;Freimersheim (Pfalz);13.0;13.0;13.2;13.2;13.2;13.2;13.2;13.2;13.2;13.2;13.6
F0733703028;Gleisweiler;11.6;11.7;11.7;11.8;11.8;11.8;11.8;12.1;12.1;11.9;11.9
F0733703032;Gommersheim;10.1;10.1;10.2;10.2;10.2;10.2;10.2;10.4;10.4;10.4;10.4
F0733703035;Großfischlingen;11.0;11.3;11.3;11.4;11.4;11.4;11.4;11.4;11.4;11.3;11.0
F0733703036;Hainfeld;8.4;8.4;8.4;9.0;9.0;9.0;9.3;9.3;9.3;9.2;9.1
F0733703048;Kleinfischlingen;11.9;11.9;11.7;11.5;11.5;11.5;11.5;11.9;12.3;12.4;12.4
F0733703066;Rhodt unter Rietburg;5.9;6.0;6.2;6.2;6.3;6.4;6.5;6.6;6.6;6.7;6.7
F0733703069;Roschbach;12.0;12.1;12.8;12.8;13.1;13.1;13.1;13.1;13.1;14.0;14.0
F0733703077;Venningen;9.2;9.3;9.5;9.4;9.5;9.5;9.5;9.5;9.5;9.5;9.5
F0733703084;Weyher in der Pfalz;7.5;7.6;7.9;7.9;7.9;7.9;7.9;7.9;7.9;8.1;8.1
F0733704038;Herxheim bei Landau/Pfalz;18.1;18.1;18.3;18.3;18.4;18.4;18.4;18.5;18.6;18.5;18.7
F0733704039;Herxheimweyher;10.2;10.2;10.2;10.4;10.4;10.4;10.4;10.4;10.4;10.1;10.1
F0733704044;Insheim;18.6;18.6;18.7;18.8;18.8;19.1;19.4;19.5;19.4;19.3;19.3
F0733704068;Rohrbach;16.6;16.6;16.6;16.8;17.5;17.7;17.8;17.9;17.8;17.8;17.8
F0733705007;Billigheim-Ingenheim;13.6;13.6;13.6;13.7;13.7;13.7;13.7;13.7;13.8;13.8;13.8
F0733705009;Birkweiler;12.0;12.0;12.1;12.0;12.0;12.4;12.4;12.4;12.4;12.5;12.5
F0733705012;Böchingen;10.2;10.2;10.4;10.5;10.5;10.5;10.7;10.5;10.7;10.6;10.6
F0733705022;Eschbach;11.5;11.5;11.6;11.5;11.7;11.7;11.7;11.7;11.7;11.8;11.8
F0733705026;Frankweiler;9.2;9.2;9.3;9.6;9.6;9.6;9.6;9.6;9.6;9.7;9.7
F0733705031;Göcklingen;12.6;12.6;12.6;12.7;12.7;12.7;12.7;12.7;12.7;12.6;12.7
F0733705040;Heuchelheim-Klingen;16.5;16.6;16.5;16.5;16.5;16.5;16.5;16.5;16.5;16.6;16.6
F0733705042;Ilbesheim bei Landau in der Pfalz;17.2;17.2;17.2;17.1;17.3;17.6;17.8;17.6;17.6;17.7;17.7
F0733705043;Impflingen;13.2;13.2;13.2;13.5;13.9;13.9;13.9;13.9;14.1;14.1;14.1
F0733705050;Knöringen;23.0;23.0;23.1;23.0;23.0;23.0;23.4;23.4;23.4;23.4;23.4
F0733705051;Leinsweiler;9.9;9.9;10.0;10.0;10.3;10.3;10.3;10.3;10.3;10.4;10.4
F0733705065;Ranschbach;28.2;28.2;28.2;28.6;28.6;28.6;28.6;28.6;28.6;28.6;28.7
F0733705073;Siebeldingen;13.4;13.4;13.4;13.5;13.5;13.5;13.5;13.5;13.5;13.5;13.5
F0733705082;Walsheim;11.3;11.3;11.3;11.3;11.5;11.5;11.5;11.5;11.5;11.5;11.5
F0733706047;Kirrweiler (Pfalz);9.9;10.2;10.3;10.2;10.3;10.4;10.2;10.3;10.3;10.3;10.7
F0733706052;Maikammer;11.0;11.4;11.8;11.9;12.4;12.4;12.6;12.6;12.6;12.6;12.6
F0733706070;Sankt Martin;8.3;8.5;8.6;8.6;8.6;8.6;8.6;8.6;8.7;8.7;8.7
F0733707014;Bornheim;27.6;27.6;29.0;29.3;29.6;30.4;30.4;30.4;31.5;31.4;31.2
F0733707023;Essingen;15.2;15.5;21.4;21.4;21.7;21.7;21.7;21.7;21.8;21.8;21.2
F0733707041;Hochstadt (Pfalz);11.4;11.4;11.6;11.7;11.7;11.8;11.8;11.8;11.7;11.7;11.9
F0733707061;Offenbach an der Queich;21.7;22.4;23.2;23.2;23.2;23.1;23.1;23.1;23.2;23.9;24.0
F0733800004;Bobenheim-Roxheim;18.0;18.1;18.7;19.1;19.3;19.6;19.6;19.6;19.3;19.3;19.4
F0733800005;Böhl-Iggelheim;14.9;15.0;15.0;15.2;15.3;15.3;15.3;15.3;15.3;15.3;15.3
F0733800017;Limburgerhof;43.2;43.2;43.6;43.6;43.6;43.6;43.6;43.4;43.4;43.4;43.5
F0733800019;Mutterstadt;25.0;25.0;25.6;25.6;25.6;25.7;25.9;25.9;26.6;26.5;26.5
F0733800025;Schifferstadt;30.1;30.1;31.9;32.9;33.1;33.2;33.2;33.3;33.3;33.3;33.4
F0733801006;Dannstadt-Schauernheim;20.5;20.9;21.3;21.3;21.3;22.0;22.0;22.0;23.7;23.7;23.9
F0733801014;Hochdorf-Assenheim;16.5;16.5;17.5;18.6;18.6;18.6;18.6;18.6;18.6;18.6;18.6
F0733801022;Rödersheim-Gronau;14.6;14.6;15.7;15.8;15.8;16.5;16.5;16.5;16.5;16.5;16.5
F0733804003;Birkenheide;28.8;28.9;29.1;29.4;29.4;29.4;29.4;29.0;29.4;29.3;29.3
F0733804008;Fußgönheim;21.3;21.5;22.2;22.1;22.1;22.1;22.4;22.4;22.4;22.5;22.9
F0733804018;Maxdorf;34.2;34.3;34.6;34.7;34.8;35.0;35.0;35.0;35.1;35.3;35.3
F0733806002;Beindersheim;23.4;23.3;23.5;23.6;23.6;23.6;23.6;23.6;23.6;23.5;23.3
F0733806009;Großniedesheim;19.7;19.7;19.8;19.8;19.8;19.8;19.8;20.1;20.1;20.2;20.8
F0733806012;Heßheim;27.0;27.0;27.4;27.5;27.5;27.5;27.5;28.2;28.2;28.2;28.7
F0733806013;Heuchelheim bei Frankenthal;15.5;15.5;15.7;15.6;15.6;15.6;15.6;15.8;15.8;15.8;15.4
F0733806015;Kleinniedesheim;11.6;11.7;11.7;11.9;11.9;11.9;11.9;11.9;11.9;12.0;11.9
F0733806016;Lambsheim;21.2;21.2;21.2;21.4;21.4;21.5;21.4;21.4;21.4;21.9;21.9
F0733807007;Dudenhofen;19.6;19.7;19.8;20.0;20.0;20.0;20.2;20.2;20.1;20.1;20.2
F0733807010;Hanhofen;19.1;19.4;19.4;19.3;19.3;19.5;19.5;19.5;19.5;19.5;19.5
F0733807011;Harthausen;17.2;17.3;17.3;17.2;17.2;17.3;17.3;17.3;17.3;17.3;17.3
F0733807023;Römerberg;16.8;16.9;17.1;17.3;17.3;17.3;17.3;17.3;17.3;17.6;17.6
F0733808001;Altrip;27.2;27.2;27.5;27.6;27.8;27.8;27.8;27.8;27.9;27.9;28.1
F0733808020;Neuhofen;19.8;20.5;20.6;20.6;20.7;20.7;20.7;20.7;20.2;20.8;20.8
F0733808021;Otterstadt;12.2;12.2;12.2;11.9;12.0;12.0;12.0;12.0;12.0;12.0;11.7
F0733808026;Waldsee;21.0;21.0;21.2;22.4;22.4;22.5;22.5;22.9;22.9;22.9;22.9
F0822100000;Heidelberg;;;;29.8;29.9;30.1;30.1;30.1;30.1;30.2;30.3
F0822200000;Mannheim;;;;57.9;58.0;58.1;58.1;58.1;58.2;58.2;58.1
F0822500001;Adelsheim;;;;9.7;9.7;9.7;9.7;9.7;9.8;9.8;9.8
F0822500002;Aglasterhausen;;;;13.8;13.7;13.9;13.9;14.0;14.0;14.0;14.1
F0822500009;Billigheim;;;;10.0;10.0;10.6;10.6;10.7;10.7;10.7;10.7
F0822500010;Binau;;;;18.4;18.4;18.4;18.4;18.4;18.4;18.4;18.4
F0822500014;Buchen (Odenwald);;;;10.7;10.8;10.8;10.8;10.8;10.8;10.9;10.9
F0822500024;Fahrenbach;;;;11.1;11.3;11.3;11.3;11.4;11.4;11.6;11.6
F0822500032;Hardheim;;;;9.0;9.0;9.0;9.0;9.0;9.0;9.0;9.0
F0822500033;Haßmersheim;;;;15.6;15.6;15.6;15.6;15.6;15.6;15.7;15.7
F0822500039;Höpfingen;;;;8.2;8.2;8.3;8.3;8.3;8.3;8.3;8.4
F0822500042;Hüffenhardt;;;;11.4;11.6;11.6;11.6;11.6;11.6;11.6;11.6
F0822500052;Limbach;;;;8.6;8.6;8.7;8.8;8.8;8.9;8.9;8.9
F0822500058;Mosbach;;;;19.1;19.1;19.2;19.2;19.2;19.2;19.2;19.3
F0822500060;Mudau;;;;5.4;5.4;5.4;5.5;5.5;5.5;5.6;5.6
F0822500064;Neckargerach;;;;11.7;11.8;11.8;11.8;11.8;11.8;11.8;11.8
F0822500067;Neckarzimmern;;;;12.2;12.2;12.2;12.2;12.2;12.2;12.2;12.2
F0822500068;Neunkirchen;;;;7.6;7.6;7.7;7.7;7.7;7.7;7.7;7.8
F0822500074;Obrigheim;;;;14.4;14.5;14.5;14.5;14.6;14.7;14.7;14.8
F0822500075;Osterburken;;;;12.6;12.7;12.8;12.8;12.8;12.9;12.9;13.0
F0822500082;Rosenberg;;;;7.9;7.9;7.9;8.2;8.2;8.2;8.2;8.2
F0822500091;Seckach;;;;13.0;13.1;13.2;13.2;13.2;13.3;13.3;13.3
F0822500109;Walldürn;;;;10.6;10.7;10.7;10.8;10.9;10.9;10.9;11.0
F0822500113;Zwingenberg;;;;10.4;10.4;10.4;10.4;10.4;10.4;10.4;10.4
F0822500114;Ravenstein;;;;9.9;9.9;9.9;9.9;9.9;9.9;9.9;10.0
F0822500115;Schefflenz;;;;9.9;9.9;10.0;10.0;10.0;10.0;10.0;10.1
F0822500116;Schwarzach;;;;18.5;18.5;18.3;18.4;18.4;18.4;18.4;18.9
F0822500117;Elztal;;;;11.4;11.5;11.5;11.5;11.5;11.5;11.5;11.5
F0822500118;Waldbrunn;;;;7.8;7.8;7.8;7.8;7.8;7.9;7.9;7.9
F0822600003;Altlußheim;;;;16.6;16.6;17.1;17.1;17.1;17.1;17.5;17.5
F0822600006;Bammental;;;;19.7;19.7;19.9;20.0;20.0;20.0;20.1;20.2
F0822600009;Brühl;;;;30.3;30.3;30.3;30.3;30.1;30.7;30.7;30.7
F0822600010;Dielheim;;;;18.6;18.6;18.6;18.6;18.6;18.6;18.7;18.8
F0822600012;Dossenheim;;;;17.4;17.4;17.4;17.2;17.2;17.2;17.2;17.2
F0822600013;Eberbach;;;;7.9;7.9;7.9;7.9;7.9;7.9;7.9;7.9
F0822600017;Epfenbach;;;;12.8;12.8;12.8;12.8;12.8;12.9;12.9;12.9
F0822600018;Eppelheim;;;;50.4;51.1;51.1;51.4;51.4;52.5;52.7;52.7
F0822600020;Eschelbronn;;;;19.7;19.7;19.7;19.7;19.7;19.8;19.8;19.8
F0822600022;Gaiberg;;;;17.8;17.8;17.8;17.8;17.8;17.8;17.8;17.8
F0822600027;Heddesbach;;;;5.0;5.0;5.0;5.0;5.0;5.0;5.0;5.0
F0822600028;Heddesheim;;;;25.4;25.4;25.4;26.6;27.3;27.9;28.0;28.1
F0822600029;Heiligkreuzsteinach;;;;8.6;8.6;8.6;8.7;8.7;8.7;8.7;8.7
F0822600031;Hemsbach;;;;24.9;24.9;25.1;25.1;25.1;25.0;25.1;25.1
F0822600032;Hockenheim;;;;28.5;28.6;28.7;28.8;28.8;28.8;28.8;28.9
F0822600036;Ilvesheim;;;;34.6;34.6;34.8;35.3;35.3;35.3;35.3;35.3
F0822600037;Ketsch;;;;25.8;25.8;25.8;26.0;26.2;26.2;26.1;26.1
F0822600038;Ladenburg;;;;24.8;25.3;26.2;26.5;26.5;26.5;26.5;26.8
F0822600040;Laudenbach;;;;19.1;19.1;19.4;19.4;19.4;19.4;20.2;20.2
F0822600041;Leimen;;;;30.0;30.0;30.1;30.1;30.1;30.1;30.1;30.2
F0822600046;Malsch;;;;26.1;26.1;26.1;26.1;26.1;26.3;26.3;26.3
F0822600048;Mauer;;;;21.6;21.6;22.9;22.9;22.9;22.9;23.0;23.0
F0822600049;Meckesheim;;;;17.8;17.8;18.1;18.1;18.2;18.2;18.6;18.7
F0822600054;Mühlhausen;;;;19.7;19.7;19.7;19.7;19.9;20.1;20.3;21.0
F0822600055;Neckarbischofsheim;;;;10.5;10.6;10.6;10.6;10.6;10.6;10.6;10.6
F0822600056;Neckargemünd;;;;18.6;19.1;19.1;19.1;19.1;19.2;19.2;19.2
F0822600058;Neidenstein;;;;17.9;17.9;17.9;17.9;17.9;18.1;18.1;18.4
F0822600059;Neulußheim;;;;50.7;51.0;51.0;51.0;52.2;52.7;52.6;52.6
F0822600060;Nußloch;;;;23.0;23.0;24.0;24.0;24.0;24.0;24.0;24.0
F0822600062;Oftersheim;;;;19.6;19.6;19.6;19.6;19.7;19.7;24.0;24.0
F0822600063;Plankstadt;;;;30.6;30.6;30.8;30.8;30.4;30.8;30.7;30.7
F0822600065;Rauenberg;;;;28.0;28.0;28.0;28.0;28.0;28.9;29.0;29.3
F0822600066;Reichartshausen;;;;13.1;13.1;13.1;13.1;13.1;13.1;13.1;13.1
F0822600068;Reilingen;;;;16.9;16.9;16.9;17.1;17.1;17.1;17.1;17.1
F0822600076;Sandhausen;;;;23.4;23.4;24.2;24.2;24.5;24.6;24.6;24.7
F0822600080;Schönau;;;;9.1;9.1;9.1;9.1;9.1;9.1;9.1;9.1
F0822600081;Schönbrunn;;;;6.6;6.6;6.6;6.6;6.6;6.7;6.7;6.7
F0822600082;Schriesheim;;;;13.2;13.2;13.3;13.3;13.3;13.4;13.3;13.3
F0822600084;Schwetzingen;;;;33.6;33.6;33.6;33.7;33.7;33.5;33.5;33.5
F0822600085;Sinsheim;;;;17.2;17.6;17.8;17.9;17.9;17.9;17.9;18.0
F0822600086;Spechbach;;;;11.0;11.0;11.0;11.0;11.0;11.0;11.0;11.0
F0822600091;Waibstadt;;;;15.2;15.2;15.2;15.2;15.2;15.2;15.2;15.2
F0822600095;Walldorf;;;;29.8;30.4;30.4;30.4;32.3;32.4;32.4;32.5
F0822600096;Weinheim;;;;24.7;24.8;24.8;25.1;25.2;25.3;25.3;25.4
F0822600097;Wiesenbach;;;;11.1;11.4;11.5;11.9;11.9;11.9;11.9;11.9
F0822600098;Wiesloch;;;;33.4;33.5;34.0;34.7;34.8;35.4;35.3;35.9
F0822600099;Wilhelmsfeld;;;;25.5;25.7;25.7;25.7;25.7;25.7;25.7;25.9
F0822600101;Zuzenhausen;;;;14.1;14.1;14.1;15.1;15.1;15.1;15.1;15.1
F0822600102;Angelbachtal;;;;15.7;15.7;15.7;15.7;15.7;15.8;15.8;15.8
F0822600103;St. Leon-Rot;;;;25.2;25.3;25.3;25.3;25.6;25.6;25.6;25.6
F0822600104;Lobbach;;;;9.1;9.1;9.2;9.2;12.1;12.4;12.4;12.4
F0822600105;Edingen-Neckarhausen;;;;32.6;32.6;32.6;32.6;32.6;32.6;32.7;32.7
F0822600106;Helmstadt-Bargen;;;;12.1;12.1;12.2;12.2;12.2;12.2;12.2;12.2
F0822600107;Hirschberg an der Bergstraße;;;;24.0;24.5;24.8;24.8;24.8;24.9;24.9;24.9
